<?xml version="1.0" encoding="UTF-8"?>
<!DOCTYPE suite SYSTEM "http://testng.org/testng-1.0.dtd">
<suite name="Suite">
	<listeners>
		<listener class-name="com.amazon.qa.util.ListenerClass"></listener>
	</listeners>
	<test thread-count="5" name="Smoke">
		<parameter name="browser" value="Chrome"></parameter>
		<groups>
			<run>
				<include name="Smoke"></include>
			</run>
		</groups>
		<classes>
			<class name="com.amazon.qa.testcases.IndexPageTest" />
			<class name="com.amazon.qa.testcases.LoginPageTest" />
			
		</classes>
	</test> <!-- Test -->
</suite> <!-- Suite -->
